<?xml version="1.0" encoding="UTF-8"?>
<project-private xmlns="http://www.netbeans.org/ns/project-private/1">
    <editor-bookmarks xmlns="http://www.netbeans.org/ns/editor-bookmarks/2" lastBookmarkId="1">
        <file>
            <url>web/login.jsp</url>
            <bookmark id="1">
                <name/>
                <line>244</line>
                <key/>
            </bookmark>
        </file>
    </editor-bookmarks>
    <open-files xmlns="http://www.netbeans.org/ns/projectui-open-files/2">
        <group>
            <file>file:/G:/SecureBankNewS/web/viewbalance.jsp</file>
            <file>file:/G:/SecureBankNewS/src/java/newpackage/pixelcomparison.java</file>
            <file>file:/G:/SecureBankNewS/web/login_choosepoint.jsp</file>
            <file>file:/G:/SecureBankNewS/web/choosepoint.jsp</file>
            <file>file:/G:/SecureBankNewS/src/java/DbConnection/DbConnection.java</file>
            <file>file:/G:/SecureBankNewS/src/java/newpackage/choosepoint.java</file>
            <file>file:/G:/SecureBankNewS/src/java/source/HMAC.java</file>
            <file>file:/G:/SecureBankNewS/web/registration.jsp</file>
            <file>file:/G:/SecureBankNewS/web/pendingtransaction.jsp</file>
            <file>file:/G:/SecureBankNewS/src/java/newpackage/RandomNumber.java</file>
            <file>file:/G:/SecureBankNewS/web/Homepage.jsp</file>
            <file>file:/G:/SecureBankNewS/web/welcome.jsp</file>
            <file>file:/G:/SecureBankNewS/src/java/newpackage/fake.java</file>
            <file>file:/G:/SecureBankNewS/src/java/newpackage/login_choosepoint.java</file>
            <file>file:/G:/SecureBankNewS/web/login.jsp</file>
            <file>file:/G:/SecureBankNewS/src/java/newpackage/pixelcomparison1.java</file>
            <file>file:/G:/SecureBankNewS/web/choosepointok.jsp</file>
            <file>file:/G:/SecureBankNewS/src/java/newpackage/action.java</file>
            <file>file:/G:/SecureBankNewS/web/fake.jsp</file>
            <file>file:/G:/SecureBankNewS/web/credit.jsp</file>
            <file>file:/G:/SecureBankNewS/web/choosepoint1.jsp</file>
            <file>file:/G:/SecureBankNewS/web/Loginphoto.jsp</file>
            <file>file:/G:/SecureBankNewS/web/index.jsp</file>
            <file>file:/G:/SecureBankNewS/web/loginwait.jsp</file>
            <file>file:/G:/SecureBankNewS/src/java/newpackage/login.java</file>
            <file>file:/G:/SecureBankNewS/web/txnstatus.jsp</file>
            <file>file:/G:/SecureBankNewS/web/viewdetails.jsp</file>
            <file>file:/G:/SecureBankNewS/src/java/newpackage/Alert.java</file>
            <file>file:/G:/SecureBankNewS/src/java/newpackage/NewServlet.java</file>
            <file>file:/G:/SecureBankNewS/src/java/newpackage/registration.java</file>
            <file>file:/G:/SecureBankNewS/src/java/newpackage/login_choosepoint1.java</file>
        </group>
    </open-files>
</project-private>
